{
  "project_info": {
    "project_number": "120940648311",
    "project_id": "chat-a76cc",
    "storage_bucket": "chat-a76cc.appspot.com"
  },
  "client": [
    {
      "client_info": {
        "mobilesdk_app_id": "1:120940648311:android:95b21d71e76cc67651b372",
        "android_client_info": {
          "package_name": "com.example.chatapp_firebase"
        }
      },
      "oauth_client": [
        {
          "client_id": "120940648311-2aqpepm05j47g7s3rmfviq3og8nhne7v.apps.googleusercontent.com",
          "client_type": 1,
          "android_info": {
            "package_name": "com.example.chatapp_firebase",
            "certificate_hash": "aa57aee8a6e942682bac8f55a7c2bc2da2c7995a"
          }
        },
        {
          "client_id": "120940648311-4s73oukeefi95ivqnn1e53r6a6odv047.apps.googleusercontent.com",
          "client_type": 3
        }
      ],
      "api_key": [
        {
          "current_key": "AIzaSyAhn_PaH2K7KiGz8vM2K9Bm2hr0Nnfn1mY"
        }
      ],
      "services": {
        "appinvite_service": {
          "other_platform_oauth_client": [
            {
              "client_id": "120940648311-4s73oukeefi95ivqnn1e53r6a6odv047.apps.googleusercontent.com",
              "client_type": 3
            }
          ]
        }
      }
    }
  ],
  "configuration_version": "1"
}